{"cameraMode":{"drawMode":0,"name":"Shaded","section":"Shading Mode"},"sceneLighting":true,"audioPlay":false,"sceneViewState":{"m_AlwaysRefresh":false,"showFog":true,"showSkybox":true,"showFlares":true,"showImageEffects":true,"showParticleSystems":true,"showVisualEffectGraphs":true,"m_FxEnabled":true},"in2DMode":false,"pivot":{"x":-9.881174087524414,"y":-2.879849433898926,"z":20.103689193725587},"rotation":{"x":0.09610500186681748,"y":-0.034340109676122668,"z":0.0033180643804371359,"w":0.9947854280471802},"size":12.492368698120118,"orthographic":false}